path,value
$.decision.description,Приховано
$.decision.documents[*].title,Приховано
$.decision.documents[*].title_ru,Приховано
$.decision.documents[*].title_en,Hidden
$.decision.documents[*].url,Приховано
$.conclusion.auditFinding,Приховано
$.conclusion.stringsAttached,Приховано
$.conclusion.description,Приховано
$.conclusion.documents[*].title,Приховано
$.conclusion.documents[*].title_ru,Приховано
$.conclusion.documents[*].title_en,Hidden
$.conclusion.documents[*].url,Приховано
$.cancellation.description,Приховано
$.cancellation.documents[*].title,Приховано
$.cancellation.documents[*].title_ru,Приховано
$.cancellation.documents[*].title_en,Hidden
$.cancellation.documents[*].url,Приховано
$.posts[*].title,Приховано
$.posts[*].description,Приховано
$.posts[*].documents[*].title,Приховано
$.posts[*].documents[*].title_ru,Приховано
$.posts[*].documents[*].title_en,Hidden
$.posts[*].documents[*].url,Приховано
$.eliminationReport.description,Приховано
$.eliminationReport.documents[*].title,Приховано
$.eliminationReport.documents[*].title_ru,Приховано
$.eliminationReport.documents[*].title_en,Hidden
$.eliminationReport.documents[*].url,Приховано
$.eliminationResolution.description,Приховано
$.eliminationResolution.documents[*].title,Приховано
$.eliminationResolution.documents[*].title_ru,Приховано
$.eliminationResolution.documents[*].title_en,Hidden
$.eliminationResolution.documents[*].url,Приховано
$.appeal.description,Приховано
$.appeal.documents[*].title,Приховано
$.appeal.documents[*].title_ru,Приховано
$.appeal.documents[*].title_en,Hidden
$.appeal.documents[*].url,Приховано
$.liabilities[*].documents[*].title,Приховано
$.liabilities[*].documents[*].title_ru,Приховано
$.liabilities[*].documents[*].title_en,Hidden
$.liabilities[*].documents[*].url,Приховано
$.documents[*].title,Приховано
$.documents[*].title_ru,Приховано
$.documents[*].title_en,Hidden
$.documents[*].url,Приховано
